Player,Age,Position,2026_Cap_Hit,I_F_xGoals,icetime,Cap_Hit_Percentage,xG_per_Cap_Percent
Ben Kindel,19.0,C RW,986250.0,11.74,56159.0,0.9483173076923077,12.379822560202788
Justin Brazeau,28.0,RW LW,1500000.0,11.29,43992.0,1.4423076923076923,7.827733333333333
Elmer Soderblom,25.0,LW RW,1125000.0,7.93,38034.0,1.0817307692307692,7.330844444444445
Hendrix Lapierre,24.0,C LW,1300000.0,8.65,38277.0,1.25,6.92
Connor Dewar,27.0,C LW,2250000.0,9.88,51501.0,2.1634615384615383,4.566755555555556
Nicholas Robertson,25.0,LW RW,3250000.0,12.48,52896.0,3.125,3.9936000000000003
Rickard Rakell,33.0,RW LW,5000000.0,14.34,51154.0,4.807692307692308,2.9827199999999996
Bryan Rust,34.0,RW LW,5125000.0,14.27,61982.0,4.927884615384615,2.8957658536585367
Blake Lizotte,28.0,C LW,2250000.0,5.57,36610.0,2.1634615384615383,2.574577777777778
Evgeni Malkin,40.0,C RW,5500000.0,10.43,46155.0,5.288461538461538,1.9722181818181819
Egor Chinakhov,25.0,LW,6250000.0,11.75,51303.0,6.009615384615385,1.9551999999999998
Sidney Crosby,39.0,C,8700000.0,10.75,61928.0,8.365384615384615,1.2850574712643679
Andrei Kuzmenko,30.0,LW,5000000.0,5.71,36399.0,4.807692307692308,1.1876799999999998
Spencer Stastney,26.0,LD,1525000.0,1.67,54387.0,1.4663461538461537,1.1388852459016394
Ville Koivunen,23.0,LW RW,4000000.0,4.38,27087.0,3.8461538461538463,1.1388
Ilya Solovyov,26.0,LD,850000.0,0.91,22391.0,0.8173076923076924,1.1134117647058823
Declan Carlile,26.0,LD,1500000.0,1.53,33890.0,1.4423076923076923,1.0608
Trevor van Riemsdyk,35.0,RD LD,4000000.0,3.5,58169.0,3.8461538461538463,0.91
Kaedan Korczak,25.0,RD,3250000.0,2.54,71541.0,3.125,0.8128
Kris Letang,39.0,RD,6100000.0,3.58,80176.0,5.865384615384615,0.6103606557377049
Erik Karlsson,36.0,RD,10000000.0,5.7,78455.0,9.615384615384617,0.5927999999999999
Samuel Girard,28.0,LD,5000000.0,2.15,60622.0,4.807692307692308,0.44719999999999993
Ryan Graves,31.0,LD,4500000.0,1.05,19369.0,4.326923076923077,0.2426666666666667
